{
"charm_0" : "0", "notch_0" : 0,
"charm_1" : "1_WaywardCompass", "notch_1" : 1,
"charm_2" : "2_GatheringSwarm", "notch_2" : 1,
"charm_3" : "3_StalwartShell", "notch_3" : 2,
"charm_4" : "4_SoulCatcher", "notch_4" : 2,
"charm_5" : "5_ShamanStone", "notch_5" : 3,
"charm_6" : "6_SoulEater", "notch_6" : 4,
"charm_7" : "7_Dashmaster", "notch_7" : 2,
"charm_8" : "8_Sprintmaster", "notch_8" : 1,
"charm_9" : "9_Grubsong", "notch_9" : 1,
"charm_10" : "10_GrubberflyElegy", "notch_10" : 3,
"charm_11" : "11_UnbreakableHeart", "notch_11" : 2,
"charm_12" : "12_UnbreakableGreed", "notch_12" : 2,
"charm_13" : "13_UnbreakableStrength", "notch_13" : 3,
"charm_14" : "14_SpellTwister", "notch_14" : 2,
"charm_15" : "15_SteadyBody", "notch_15" : 1,
"charm_16" : "16_HeavyBlow", "notch_16" : 2,
"charm_17" : "17_QuickSlash", "notch_17" : 3,
"charm_18" : "18_Longnail", "notch_18" : 2,
"charm_19" : "19_MarkofPride", "notch_19" : 3,
"charm_20" : "20_FuryoftheFallen", "notch_20" : 2,
"charm_21" : "21_ThornsofAgony", "notch_21" : 1,
"charm_22" : "22_BaldurShell", "notch_22" : 2,
"charm_23" : "23_Flukenest", "notch_23" : 3,
"charm_24" : "24_DefenderCrest", "notch_24" : 1,
"charm_25" : "25_GlowingWomb", "notch_25" : 2,
"charm_26" : "26_QuickFocus", "notch_26" : 3,
"charm_27" : "27_DeepFocus", "notch_27" : 4,
"charm_28" : "28LifebloodHeart", "notch_28" : 2,
"charm_29" : "29_LifebloodCore", "notch_29" : 3,
"charm_30" : "30_JoniBlessing", "notch_30" : 4,
"charm_31" : "31_Hiveblood", "notch_31" : 4,
"charm_32" : "32_SporeShroom", "notch_32" : 1,
"charm_33" : "33_SharpShadow", "notch_33" : 2,
"charm_34" : "34_ShapeofUnn", "notch_34" : 2,
"charm_35" : "35_NailmasterGlory", "notch_35" : 1,
"charm_36" : "36_Weaversong", "notch_36" : 2,
"charm_37" : "37_DreamWielder", "notch_37" : 1,
"charm_38" : "38_Dreamshield", "notch_38" : 3,
"charm_39" : "39_Grimmchild", "notch_39" : 2
}